{"cameraMode":{"drawMode":0,"name":"Shaded","section":"Shading Mode"},"sceneLighting":true,"audioPlay":false,"sceneViewState":{"showFog":true,"showMaterialUpdate":false,"showSkybox":false,"showFlares":true,"showImageEffects":true,"showParticleSystems":true,"showVisualEffectGraphs":true,"m_FxEnabled":true},"in2DMode":false,"pivot":{"x":42.142051696777347,"y":0.17662715911865235,"z":-34.88581085205078},"rotation":{"x":0.10238392651081085,"y":-0.8672941327095032,"z":0.19987182319164277,"w":0.44426921010017397},"size":129.77984619140626,"orthographic":false}