{"cameraMode":{"drawMode":0,"name":"Shaded","section":"Shading Mode"},"sceneLighting":false,"audioPlay":false,"sceneViewState":{"showFog":true,"showMaterialUpdate":false,"showSkybox":false,"showFlares":true,"showImageEffects":true,"showParticleSystems":true,"showVisualEffectGraphs":true,"m_FxEnabled":true},"in2DMode":false,"pivot":{"x":5.960464477539063e-8,"y":1.3777832984924317,"z":0.02545112371444702},"rotation":{"x":-0.11606190353631973,"y":-0.8307738900184631,"z":0.18883027136325837,"w":-0.5106027126312256},"size":1.4016494750976563,"orthographic":false}