{"cameraMode":{"drawMode":0,"name":"Shaded","section":"Shading Mode"},"sceneLighting":true,"audioPlay":false,"sceneViewState":{"showFog":true,"showMaterialUpdate":false,"showSkybox":false,"showFlares":true,"showImageEffects":true,"showParticleSystems":true,"showVisualEffectGraphs":true,"m_FxEnabled":true},"in2DMode":false,"pivot":{"x":-1.2363255023956299,"y":2.1439342498779299,"z":-1.8861019611358643},"rotation":{"x":-0.04640785604715347,"y":-0.9324348568916321,"z":0.12949880957603455,"w":-0.33414652943611147},"size":3.3073947429656984,"orthographic":false}